{
  "scenario": "vector_ann_real",
  "dataset": "sift1m",
  "n": 500000,
  "dim": 128,
  "feather_version": "0.8.0",
  "python_version": "3.12.2",
  "platform": "Darwin arm64",
  "commit": "7d281e9",
  "started_at": 1777111857.022092,
  "wall_seconds": 294.1005148887634,
  "metrics": {
    "count": 1000,
    "mean_ms": 0.07637620077002794,
    "p50_ms": 0.0744159915484488,
    "p95_ms": 0.10379200102761388,
    "p99_ms": 0.1289999927394092,
    "min_ms": 0.029749993700534105,
    "max_ms": 0.25766604812815785,
    "recall@10": 0.7735270515351405,
    "search_qps": 12625.312858718837,
    "ef": 10,
    "n": 500000,
    "dim": 128,
    "build_seconds": 291.2953758339863,
    "build_ingest_qps": 1716.4707766763781,
    "file_size_mb": 277.99609184265137,
    "bytes_per_vec": 583.00006,
    "sweep": {
      "ef=10": {
        "count": 1000,
        "mean_ms": 0.07637620077002794,
        "p50_ms": 0.0744159915484488,
        "p95_ms": 0.10379200102761388,
        "p99_ms": 0.1289999927394092,
        "min_ms": 0.029749993700534105,
        "max_ms": 0.25766604812815785,
        "recall@10": 0.7735270515351405,
        "search_qps": 12625.312858718837,
        "ef": 10
      },
      "ef=50": {
        "count": 1000,
        "mean_ms": 0.1832633270532824,
        "p50_ms": 0.18695800099521875,
        "p95_ms": 0.2310419804416597,
        "p99_ms": 0.2483749995008111,
        "min_ms": 0.06233301246538758,
        "max_ms": 0.2898750244639814,
        "recall@10": 0.9716781421028134,
        "search_qps": 5371.784567385789,
        "ef": 50
      },
      "ef=100": {
        "count": 1000,
        "mean_ms": 0.31200631166575477,
        "p50_ms": 0.32133300555869937,
        "p95_ms": 0.38775004213675857,
        "p99_ms": 0.4153339541517198,
        "min_ms": 0.09275000775232911,
        "max_ms": 0.446291989646852,
        "recall@10": 0.9910278941370955,
        "search_qps": 3173.6951449655126,
        "ef": 100
      },
      "ef=200": {
        "count": 1000,
        "mean_ms": 0.5467708801734261,
        "p50_ms": 0.5621660384349525,
        "p95_ms": 0.6926670321263373,
        "p99_ms": 0.7643750286661088,
        "min_ms": 0.14175003161653876,
        "max_ms": 1.0909169795922935,
        "recall@10": 0.9980696390453722,
        "search_qps": 1817.8802153785093,
        "ef": 200
      }
    },
    "peak_rss_mb": 1068.390625
  },
  "params": {
    "k": 10,
    "ef": "[10, 50, 100, 200]",
    "queries": 1000
  },
  "notes": ""
}