{
  "scenario": "vector_ann",
  "dataset": "synthetic",
  "n": 50000,
  "dim": 768,
  "feather_version": "0.8.0",
  "python_version": "3.12.2",
  "platform": "Darwin arm64",
  "commit": "259afd6",
  "started_at": 1777061194.851978,
  "wall_seconds": 399.22935605049133,
  "metrics": {
    "count": 200,
    "mean_ms": 0.5896785197546706,
    "p50_ms": 0.5420840461738408,
    "p95_ms": 0.9192080469802022,
    "p99_ms": 1.0268750484101474,
    "min_ms": 0.367708969861269,
    "max_ms": 1.1299169855192304,
    "build_seconds": 387.070811624988,
    "build_ingest_qps": 129.17533045204738,
    "search_qps": 1682.76630908056,
    "recall@10": 0.218,
    "file_size_mb": 150.28850555419922,
    "bytes_per_vec": 3151.7784,
    "peak_rss_mb": 549.875
  },
  "params": {
    "k": 10,
    "ef": 50,
    "queries": 200
  },
  "notes": ""
}