{
  "scenario": "vector_ann",
  "dataset": "synthetic",
  "n": 10000,
  "dim": 128,
  "feather_version": "0.8.0",
  "python_version": "3.12.2",
  "platform": "Darwin arm64",
  "commit": "01e49ac",
  "started_at": 1777064188.629917,
  "wall_seconds": 7.175451040267944,
  "metrics": {
    "count": 200,
    "mean_ms": 0.15498502471018583,
    "p50_ms": 0.14945899602025747,
    "p95_ms": 0.20366697572171688,
    "p99_ms": 0.2340839710086584,
    "min_ms": 0.10770902736112475,
    "max_ms": 0.335542019456625,
    "build_seconds": 6.69337141700089,
    "build_ingest_qps": 1494.0154037471175,
    "search_qps": 6075.034265107295,
    "recall@10": 0.9905000000000004,
    "file_size_mb": 5.635185241699219,
    "bytes_per_vec": 590.892,
    "peak_rss_mb": 201.140625
  },
  "params": {
    "k": 10,
    "ef": 50,
    "queries": 200
  },
  "notes": ""
}