{
  "scenario": "vector_ann",
  "dataset": "synthetic",
  "n": 5000,
  "dim": 128,
  "feather_version": "0.8.0",
  "python_version": "3.12.2",
  "platform": "Darwin arm64",
  "commit": "259afd6",
  "started_at": 1777061139.995291,
  "wall_seconds": 2.5091490745544434,
  "metrics": {
    "count": 100,
    "mean_ms": 0.05496039870195091,
    "p50_ms": 0.05287496605888009,
    "p95_ms": 0.07166701834648848,
    "p99_ms": 0.0873749959282577,
    "min_ms": 0.041624996811151505,
    "max_ms": 0.09587500244379044,
    "build_seconds": 2.4119552500196733,
    "build_ingest_qps": 2073.0069515009523,
    "search_qps": 17045.453679465303,
    "recall@10": 0.8960000000000001,
    "file_size_mb": 0,
    "ef": 50,
    "peak_rss_mb": 191.578125
  },
  "params": {
    "k": 10,
    "ef": 50,
    "queries": 100
  },
  "notes": ""
}